ticker,entry_date,exit_date,setup_type,sector,sector_uptrend,entry,exit,sl,target,partial_tgt,partial_taken,rr,qty,capital,pnl,exit_reason,ev_pct,result
HDFCBANK.NS,2016-01-21,2016-02-03,RSI_DIVERGENCE,BANKING,False,235.18,239.97,222.8,253.74,247.55,False,1.5,484,113827.0,2319.93,DAY_CAP,1.84,WIN
HDFCBANK.NS,2016-06-20,2016-06-30,TREND_PULLBACK,BANKING,True,269.44,272.68,262.17,280.36,276.72,False,1.5,556,149811.0,1796.6,DAY_CAP,1.01,WIN
HDFCBANK.NS,2016-07-04,2016-07-15,TREND_PULLBACK,BANKING,True,271.83,283.26,264.21,283.26,279.45,True,1.5,551,149778.0,5250.39,TARGET,1.05,WIN
HDFCBANK.NS,2016-11-10,2016-11-23,TREND_PULLBACK,BANKING,True,296.34,284.15,284.15,314.63,308.53,False,1.5,492,145799.0,-5997.57,SL,1.54,LOSS
HDFCBANK.NS,2017-11-06,2017-11-16,TREND_PULLBACK,BANKING,True,426.65,421.77,414.92,444.23,438.37,False,1.5,351,149753.0,-1711.59,DAY_CAP,1.03,LOSS
HDFCBANK.NS,2017-11-20,2017-11-30,TREND_PULLBACK,BANKING,True,428.87,432.5,418.8,443.99,438.95,False,1.5,349,149677.0,1266.19,DAY_CAP,0.88,WIN
HDFCBANK.NS,2018-02-26,2018-03-09,TREND_PULLBACK,BANKING,True,446.0,432.41,432.41,466.39,459.59,False,1.5,336,149856.0,-4566.19,SL,1.14,LOSS
HDFCBANK.NS,2018-06-25,2018-07-05,TREND_PULLBACK,BANKING,True,491.91,498.67,477.79,513.09,506.03,False,1.5,304,149541.0,2055.8,DAY_CAP,1.08,WIN
HDFCBANK.NS,2018-10-23,2018-11-02,RSI_DIVERGENCE,BANKING,False,466.06,446.75,446.75,495.02,485.37,False,1.5,310,144479.0,-5986.09,SL,1.45,LOSS
HDFCBANK.NS,2018-11-02,2018-11-15,RSI_DIVERGENCE,BANKING,True,457.75,463.78,438.62,486.44,476.88,False,1.5,313,143275.0,1888.81,DAY_CAP,1.46,WIN
HDFCBANK.NS,2019-02-05,2019-02-18,TREND_PULLBACK,BANKING,True,496.4,490.73,481.68,518.47,511.11,False,1.5,302,149912.0,-1712.55,DAY_CAP,1.11,LOSS
HDFCBANK.NS,2019-05-21,2019-05-31,TREND_PULLBACK,BANKING,True,564.41,569.49,543.5,595.77,585.32,False,1.5,265,149569.0,1347.17,DAY_CAP,1.39,WIN
HDFCBANK.NS,2019-10-15,2019-10-27,TREND_PULLBACK,BANKING,True,579.22,586.16,548.37,625.5,610.07,False,1.5,194,112369.0,1345.97,DAY_CAP,2.0,WIN
HDFCBANK.NS,2019-12-17,2019-12-30,TREND_PULLBACK,BANKING,True,601.98,607.21,585.37,626.89,618.58,False,1.5,249,149892.0,1303.06,DAY_CAP,1.03,WIN
HDFCBANK.NS,2020-01-13,2020-01-23,TREND_PULLBACK,BANKING,True,609.03,590.51,590.51,636.82,627.56,False,1.5,246,149822.0,-4556.87,SL,1.14,LOSS
HDFCBANK.NS,2020-09-25,2020-10-08,RSI_DIVERGENCE,BANKING,False,494.43,531.97,469.4,531.97,519.45,True,1.5,239,118168.0,7483.22,TARGET,1.77,WIN
HDFCBANK.NS,2020-12-15,2020-12-28,TREND_PULLBACK,BANKING,True,658.9,669.11,629.23,703.41,688.58,False,1.5,202,133098.0,2061.55,DAY_CAP,1.69,WIN
HDFCBANK.NS,2021-01-04,2021-01-14,TREND_PULLBACK,BANKING,True,670.6,695.58,642.82,712.27,698.38,True,1.5,215,144179.0,5670.45,DAY_CAP,1.55,WIN
HDFCBANK.NS,2021-03-01,2021-03-12,TREND_PULLBACK,BANKING,True,738.28,734.98,690.97,809.23,785.58,False,1.5,126,93023.0,-414.72,DAY_CAP,2.4,LOSS
HDFCBANK.NS,2022-02-01,2022-02-11,RSI_DIVERGENCE,BANKING,True,712.03,722.42,676.83,764.83,747.23,False,1.5,170,121045.0,1766.76,DAY_CAP,1.73,WIN
HDFCBANK.NS,2023-01-02,2023-01-12,TREND_PULLBACK,BANKING,True,783.68,759.27,759.27,820.29,808.09,False,1.5,191,149682.0,-4661.91,SL,1.17,LOSS
HDFCBANK.NS,2023-05-15,2023-05-25,TREND_PULLBACK,BANKING,True,806.34,778.66,778.66,847.86,834.02,False,1.5,186,149979.0,-5148.66,SL,1.29,LOSS
HDFCBANK.NS,2023-07-17,2023-07-27,TREND_PULLBACK,BANKING,True,817.1,814.3,786.28,863.32,847.91,False,1.5,183,149529.0,-512.11,DAY_CAP,1.41,LOSS
HDFCBANK.NS,2023-07-27,2023-08-08,TREND_PULLBACK,BANKING,True,814.3,790.99,790.99,849.27,837.61,False,1.5,184,149831.0,-4288.72,SL,1.07,LOSS
HDFCBANK.NS,2024-07-22,2024-08-01,TREND_PULLBACK,BANKING,True,810.32,808.47,781.66,853.31,838.98,False,1.5,185,149910.0,-342.25,DAY_CAP,1.33,LOSS
HDFCBANK.NS,2024-09-03,2024-09-13,TREND_PULLBACK,BANKING,True,807.76,821.87,786.58,839.53,828.94,False,1.5,185,149435.0,2610.21,DAY_CAP,0.98,WIN
HDFCBANK.NS,2024-10-21,2024-10-31,TREND_PULLBACK,BANKING,True,852.82,856.28,816.91,906.7,888.74,False,1.5,167,142421.0,576.71,DAY_CAP,1.58,WIN
HDFCBANK.NS,2024-11-05,2024-11-18,TREND_PULLBACK,BANKING,True,867.2,832.69,832.69,918.97,901.72,False,1.5,172,149159.0,-5936.24,SL,1.49,LOSS
HDFCBANK.NS,2024-11-25,2024-12-05,TREND_PULLBACK,BANKING,True,880.89,920.43,843.69,936.69,918.09,True,1.5,161,141824.0,6178.55,DAY_CAP,1.58,WIN
HDFCBANK.NS,2025-02-27,2025-03-11,RSI_DIVERGENCE,BANKING,False,839.01,831.51,811.87,879.71,866.15,False,1.5,178,149344.0,-1334.76,DAY_CAP,1.13,LOSS
HDFCBANK.NS,2025-06-23,2025-07-03,TREND_PULLBACK,BANKING,True,961.21,999.59,935.62,999.59,986.8,True,1.5,156,149948.0,4990.08,TARGET,1.0,WIN
HDFCBANK.NS,2025-11-17,2025-11-27,TREND_PULLBACK,BANKING,True,996.55,1009.5,970.27,1035.97,1022.83,False,1.5,150,149482.0,1942.5,DAY_CAP,0.99,WIN
HDFCBANK.NS,2026-01-02,2026-01-14,TREND_PULLBACK,BANKING,True,1001.6,979.61,979.61,1034.59,1023.59,False,1.5,149,149238.0,-3276.51,SL,0.82,LOSS
HDFCBANK.NS,2026-02-16,2026-02-26,RSI_DIVERGENCE,BANKING,True,925.8,898.6,889.16,980.75,962.44,False,1.5,162,149980.0,-4406.4,DAY_CAP,1.38,LOSS
ICICIBANK.NS,2017-08-07,2017-08-18,TREND_PULLBACK,BANKING,True,288.31,276.12,276.12,306.58,300.49,False,1.5,492,141846.0,-5995.32,SL,1.58,LOSS
ICICIBANK.NS,2017-08-23,2017-09-05,TREND_PULLBACK,BANKING,True,286.82,285.86,272.76,307.9,300.87,False,1.5,426,122184.0,-409.2,DAY_CAP,1.84,LOSS
ICICIBANK.NS,2017-12-11,2017-12-21,TREND_PULLBACK,BANKING,True,299.16,287.52,287.52,316.62,310.8,False,1.5,501,149879.0,-5831.49,SL,1.46,LOSS
ICICIBANK.NS,2017-12-21,2018-01-03,TREND_PULLBACK,BANKING,True,303.0,302.57,288.1,325.36,317.91,False,1.5,402,121807.0,-173.75,DAY_CAP,1.85,LOSS
ICICIBANK.NS,2018-04-30,2018-05-11,RSI_DIVERGENCE,BANKING,True,272.99,297.4,256.71,297.4,289.26,True,1.5,368,100458.0,7486.94,TARGET,2.09,WIN
ICICIBANK.NS,2018-06-04,2018-06-14,RSI_DIVERGENCE,BANKING,True,275.43,273.51,257.7,302.04,293.17,False,1.5,338,93097.0,-649.35,DAY_CAP,2.25,LOSS
ICICIBANK.NS,2018-11-20,2018-12-03,BREAKOUT_PULLBACK,BANKING,True,345.31,343.0,325.27,375.37,365.35,False,1.5,299,103249.0,-692.35,DAY_CAP,2.32,LOSS
ICICIBANK.NS,2018-12-03,2018-12-13,TREND_PULLBACK,BANKING,True,343.0,326.46,326.46,367.8,359.53,False,1.5,362,124165.0,-5986.46,SL,1.81,LOSS
ICICIBANK.NS,2018-12-17,2018-12-28,TREND_PULLBACK,BANKING,True,345.84,348.06,330.12,369.43,361.57,False,1.5,381,131766.0,845.47,DAY_CAP,1.71,WIN
ICICIBANK.NS,2018-12-28,2019-01-09,TREND_PULLBACK,BANKING,True,348.06,368.81,333.26,370.27,362.87,True,1.5,405,140965.0,7202.13,DAY_CAP,1.6,WIN
ICICIBANK.NS,2019-04-15,2019-04-30,TREND_PULLBACK,BANKING,True,378.94,393.17,363.92,401.46,393.95,True,1.5,395,149680.0,5775.35,DAY_CAP,1.49,WIN
ICICIBANK.NS,2019-05-20,2019-05-30,TREND_PULLBACK,BANKING,True,393.36,411.21,370.21,428.08,416.51,True,1.5,259,101881.0,5306.6,DAY_CAP,2.21,WIN
ICICIBANK.NS,2019-06-04,2019-06-17,BREAKOUT_PULLBACK,BANKING,True,404.36,399.63,382.62,436.97,426.1,False,1.5,275,111199.0,-1300.11,DAY_CAP,2.15,LOSS
ICICIBANK.NS,2019-06-20,2019-07-02,TREND_PULLBACK,BANKING,True,418.16,421.39,398.66,447.4,437.65,False,1.5,307,128374.0,992.29,DAY_CAP,1.75,WIN
ICICIBANK.NS,2020-02-11,2020-02-24,TREND_PULLBACK,BANKING,True,522.04,512.46,498.59,557.21,545.49,False,1.5,255,133120.0,-2441.67,DAY_CAP,1.68,LOSS
ICICIBANK.NS,2020-09-15,2020-09-25,RSI_DIVERGENCE,BANKING,False,359.36,336.49,336.49,393.66,382.23,False,1.5,262,94152.0,-5991.55,SL,2.23,LOSS
ICICIBANK.NS,2020-11-19,2020-12-02,BREAKOUT_PULLBACK,BANKING,True,463.04,464.69,431.32,510.63,494.77,False,1.5,189,87515.0,310.75,DAY_CAP,2.74,WIN
ICICIBANK.NS,2021-02-18,2021-03-02,BREAKOUT_PULLBACK,BANKING,True,623.5,583.9,583.9,682.89,663.1,False,1.5,151,94148.0,-5979.22,SL,2.54,LOSS
ICICIBANK.NS,2021-05-05,2021-05-18,TREND_PULLBACK,BANKING,True,583.02,612.42,543.26,642.66,622.78,False,1.5,150,87453.0,4410.39,DAY_CAP,2.56,WIN
ICICIBANK.NS,2021-08-30,2021-09-09,TREND_PULLBACK,BANKING,True,692.25,698.66,665.95,731.71,718.56,False,1.5,216,149527.0,1382.85,DAY_CAP,1.42,WIN
ICICIBANK.NS,2021-10-11,2021-10-22,TREND_PULLBACK,BANKING,True,691.91,734.08,663.81,734.08,720.02,True,1.5,213,147378.0,7490.79,TARGET,1.52,WIN
ICICIBANK.NS,2022-01-04,2022-01-14,TREND_PULLBACK,BANKING,True,749.68,796.58,718.41,796.58,780.95,True,1.5,191,143189.0,7473.13,TARGET,1.56,WIN
ICICIBANK.NS,2022-02-09,2022-02-21,TREND_PULLBACK,BANKING,True,778.73,743.89,743.89,831.0,813.58,False,1.5,172,133942.0,-5992.77,SL,1.68,LOSS
ICICIBANK.NS,2022-06-20,2022-06-30,RSI_DIVERGENCE,BANKING,False,665.38,686.0,632.67,714.45,698.1,True,1.5,183,121765.0,4873.45,DAY_CAP,1.72,WIN
ICICIBANK.NS,2022-10-06,2022-10-18,TREND_PULLBACK,BANKING,True,864.06,875.23,822.25,926.77,905.86,False,1.5,143,123560.0,1597.81,DAY_CAP,1.81,WIN
ICICIBANK.NS,2022-10-18,2022-10-31,TREND_PULLBACK,BANKING,True,875.23,886.75,837.61,931.66,912.85,True,1.5,159,139162.0,3893.05,DAY_CAP,1.61,WIN
ICICIBANK.NS,2023-02-27,2023-03-10,RSI_DIVERGENCE,BANKING,False,835.71,822.29,804.44,882.62,866.98,False,1.5,179,149592.0,-2401.78,DAY_CAP,1.31,LOSS
ICICIBANK.NS,2023-03-17,2023-03-29,RSI_DIVERGENCE,BANKING,False,816.05,830.44,779.75,870.5,852.35,False,1.5,165,134648.0,2374.95,DAY_CAP,1.56,WIN
ICICIBANK.NS,2023-06-27,2023-07-10,TREND_PULLBACK,BANKING,True,913.48,925.49,888.28,951.3,938.69,True,1.5,164,149811.0,3051.11,DAY_CAP,1.04,WIN
ICICIBANK.NS,2023-09-01,2023-09-13,TREND_PULLBACK,BANKING,True,953.08,973.84,924.54,995.88,981.61,False,1.5,157,149633.0,3259.25,DAY_CAP,1.12,WIN
ICICIBANK.NS,2023-11-24,2023-12-07,RSI_DIVERGENCE,BANKING,True,914.41,946.77,892.84,946.77,935.98,True,1.5,164,149964.0,4421.99,TARGET,0.83,WIN
ICICIBANK.NS,2024-01-01,2024-01-11,TREND_PULLBACK,BANKING,True,983.28,975.17,953.09,1028.57,1013.47,False,1.5,152,149459.0,-1233.78,DAY_CAP,1.15,LOSS
ICICIBANK.NS,2024-01-12,2024-01-25,TREND_PULLBACK,BANKING,True,987.32,956.16,956.16,1034.05,1018.47,False,1.5,151,149085.0,-4704.64,SL,1.18,LOSS
ICICIBANK.NS,2024-05-23,2024-06-04,TREND_PULLBACK,BANKING,True,1116.2,1073.35,1073.35,1180.48,1159.05,False,1.5,134,149571.0,-5742.43,SL,1.44,LOSS
ICICIBANK.NS,2024-08-22,2024-09-03,TREND_PULLBACK,BANKING,True,1181.98,1238.15,1140.43,1244.31,1223.53,True,1.5,126,148929.0,6156.16,DAY_CAP,1.32,WIN
ICICIBANK.NS,2024-10-18,2024-10-30,TREND_PULLBACK,BANKING,True,1254.82,1302.1,1201.44,1334.88,1308.19,True,1.5,112,140540.0,5636.81,DAY_CAP,1.59,WIN
ICICIBANK.NS,2024-11-05,2024-11-18,TREND_PULLBACK,BANKING,True,1286.77,1243.85,1229.93,1372.03,1343.61,False,1.5,105,135111.0,-4506.48,DAY_CAP,1.66,LOSS
ICICIBANK.NS,2024-11-25,2024-12-05,TREND_PULLBACK,BANKING,True,1290.99,1326.27,1238.23,1370.13,1343.75,False,1.5,113,145882.0,3986.4,DAY_CAP,1.53,WIN
ICICIBANK.NS,2025-03-05,2025-03-18,RSI_DIVERGENCE,BANKING,False,1206.39,1261.35,1169.75,1261.35,1243.03,True,1.5,124,149593.0,5679.03,TARGET,1.06,WIN
ICICIBANK.NS,2025-05-19,2025-05-29,TREND_PULLBACK,BANKING,True,1437.91,1445.35,1384.75,1517.64,1491.06,False,1.5,104,149542.0,774.02,DAY_CAP,1.39,WIN
ICICIBANK.NS,2025-06-26,2025-07-08,TREND_PULLBACK,BANKING,True,1428.08,1430.96,1390.13,1485.01,1466.03,False,1.5,105,149948.0,302.17,DAY_CAP,1.0,WIN
ICICIBANK.NS,2025-07-21,2025-07-31,TREND_PULLBACK,BANKING,True,1454.58,1470.06,1414.82,1514.22,1494.34,False,1.5,103,149821.0,1594.5,DAY_CAP,1.03,WIN
ICICIBANK.NS,2025-11-07,2025-11-19,RSI_DIVERGENCE,BANKING,True,1343.0,1383.1,1303.65,1402.02,1382.35,True,1.5,111,149073.0,4409.85,DAY_CAP,1.03,WIN
ICICIBANK.NS,2025-12-02,2025-12-12,RSI_DIVERGENCE,BANKING,True,1373.0,1366.0,1338.68,1424.47,1407.32,False,1.5,109,149657.0,-763.0,DAY_CAP,0.87,LOSS
ICICIBANK.NS,2025-12-16,2025-12-29,RSI_DIVERGENCE,BANKING,False,1366.0,1343.3,1335.47,1411.79,1396.53,False,1.5,109,148894.0,-2474.29,DAY_CAP,0.78,LOSS
AXISBANK.NS,2016-07-04,2016-07-15,TREND_PULLBACK,BANKING,True,530.69,556.53,507.21,565.91,554.17,True,1.5,255,135326.0,6289.65,DAY_CAP,1.66,WIN
AXISBANK.NS,2016-08-01,2016-08-11,TREND_PULLBACK,BANKING,True,542.25,561.16,514.35,584.11,570.15,False,1.5,215,116584.0,4065.79,DAY_CAP,1.93,WIN
AXISBANK.NS,2016-09-09,2016-09-22,BREAKOUT_PULLBACK,BANKING,True,603.86,582.88,573.45,649.48,634.27,False,1.5,197,118960.0,-4132.85,DAY_CAP,2.01,LOSS
AXISBANK.NS,2017-05-22,2017-06-01,RSI_DIVERGENCE,BANKING,True,494.73,501.62,470.35,531.3,519.11,False,1.5,246,121704.0,1696.05,DAY_CAP,1.72,WIN
AXISBANK.NS,2017-09-12,2017-09-22,RSI_DIVERGENCE,BANKING,True,493.82,518.12,477.62,518.12,510.02,True,1.5,303,149628.0,6139.1,TARGET,1.15,WIN
AXISBANK.NS,2018-04-30,2018-05-11,RSI_DIVERGENCE,BANKING,True,514.51,550.32,472.16,578.03,556.86,False,1.5,141,72546.0,5048.63,DAY_CAP,2.88,WIN
AXISBANK.NS,2019-02-25,2019-03-08,TREND_PULLBACK,BANKING,True,699.9,699.9,671.18,742.99,728.63,True,1.5,208,145580.0,2987.42,SL,1.54,WIN
AXISBANK.NS,2019-05-20,2019-05-30,TREND_PULLBACK,BANKING,True,778.18,803.19,738.73,837.36,817.63,True,1.5,152,118283.0,4899.26,DAY_CAP,1.9,WIN
AXISBANK.NS,2019-07-01,2019-07-11,TREND_PULLBACK,BANKING,True,806.08,770.72,770.72,859.11,841.44,False,1.5,169,136227.0,-5975.69,SL,1.64,LOSS
AXISBANK.NS,2019-08-19,2019-08-29,OVERSOLD_EXHAUSTION,BANKING,False,682.15,658.4,640.28,744.95,724.02,False,1.5,143,97548.0,-3396.37,DAY_CAP,1.84,LOSS
AXISBANK.NS,2019-09-09,2019-09-20,RSI_DIVERGENCE,BANKING,False,668.76,630.89,630.89,725.57,706.63,False,1.5,158,105664.0,-5983.1,SL,1.98,LOSS
AXISBANK.NS,2019-10-10,2019-10-23,RSI_DIVERGENCE,BANKING,False,670.15,711.88,614.6,753.48,725.7,True,1.5,108,72376.0,5252.79,DAY_CAP,2.9,WIN
AXISBANK.NS,2021-02-01,2021-02-11,TREND_PULLBACK,BANKING,True,706.4,737.02,641.39,803.91,771.41,False,1.5,92,64989.0,2817.24,DAY_CAP,3.45,WIN
AXISBANK.NS,2021-05-24,2021-06-03,TREND_PULLBACK,BANKING,True,738.07,747.53,698.74,797.07,777.4,False,1.5,152,112186.0,1438.01,DAY_CAP,2.0,WIN
AXISBANK.NS,2021-08-17,2021-08-30,TREND_PULLBACK,BANKING,True,753.6,753.6,726.31,794.55,780.9,True,1.5,199,149967.0,2702.36,SL,1.36,WIN
AXISBANK.NS,2021-10-11,2021-10-22,TREND_PULLBACK,BANKING,True,783.88,813.3,752.35,831.16,815.4,True,1.5,190,148937.0,5790.25,DAY_CAP,1.51,WIN
AXISBANK.NS,2021-10-22,2021-11-03,TREND_PULLBACK,BANKING,True,813.3,813.3,776.86,867.98,849.75,True,1.5,164,133382.0,2988.56,SL,1.68,WIN
AXISBANK.NS,2021-12-07,2021-12-17,OVERSOLD_EXHAUSTION,BANKING,False,684.14,686.04,644.94,742.95,723.35,False,1.5,153,104674.0,289.49,DAY_CAP,1.72,WIN
AXISBANK.NS,2022-11-15,2022-11-25,TREND_PULLBACK,BANKING,True,856.38,885.4,821.24,909.1,891.53,False,1.5,170,145585.0,4933.92,DAY_CAP,1.54,WIN
AXISBANK.NS,2023-01-02,2023-01-12,TREND_PULLBACK,BANKING,True,939.11,933.08,903.49,992.54,974.73,False,1.5,159,149319.0,-959.4,DAY_CAP,1.42,LOSS
AXISBANK.NS,2023-07-24,2023-08-03,TREND_PULLBACK,BANKING,True,969.92,933.71,933.71,1024.24,1006.13,False,1.5,154,149368.0,-5576.63,SL,1.4,LOSS
AXISBANK.NS,2023-09-01,2023-09-13,TREND_PULLBACK,BANKING,True,989.54,1012.8,954.44,1042.19,1024.64,False,1.5,151,149421.0,3512.58,DAY_CAP,1.33,WIN
AXISBANK.NS,2023-11-06,2023-11-17,TREND_PULLBACK,BANKING,True,1007.76,992.73,968.06,1067.31,1047.46,False,1.5,148,149149.0,-2223.78,DAY_CAP,1.48,LOSS
AXISBANK.NS,2023-11-28,2023-12-08,TREND_PULLBACK,BANKING,True,1019.49,1019.49,989.55,1064.4,1049.43,True,1.5,147,149865.0,2185.53,SL,1.1,WIN
AXISBANK.NS,2024-01-01,2024-01-11,TREND_PULLBACK,BANKING,True,1095.92,1123.92,1058.43,1152.14,1133.4,True,1.5,136,149045.0,4453.17,DAY_CAP,1.28,WIN
AXISBANK.NS,2024-01-12,2024-01-25,TREND_PULLBACK,BANKING,True,1118.53,1078.89,1078.89,1177.99,1158.17,False,1.5,134,149883.0,-5311.76,SL,1.33,LOSS
AXISBANK.NS,2024-03-01,2024-03-14,TREND_PULLBACK,BANKING,True,1097.46,1056.53,1049.86,1168.88,1145.07,False,1.5,126,138281.0,-5157.63,DAY_CAP,1.63,LOSS
AXISBANK.NS,2024-11-05,2024-11-18,RSI_DIVERGENCE,BANKING,True,1170.7,1125.24,1110.89,1260.41,1230.51,False,1.5,100,117070.0,-4546.12,DAY_CAP,1.79,LOSS
AXISBANK.NS,2025-05-21,2025-06-02,TREND_PULLBACK,BANKING,True,1196.78,1193.38,1149.74,1267.34,1243.82,False,1.5,125,149597.0,-424.64,DAY_CAP,1.47,LOSS
AXISBANK.NS,2025-12-31,2026-01-12,TREND_PULLBACK,BANKING,True,1269.4,1274.2,1233.25,1323.63,1305.55,False,1.5,118,149789.0,566.39,DAY_CAP,1.07,WIN
AXISBANK.NS,2026-01-14,2026-01-27,TREND_PULLBACK,BANKING,True,1298.8,1250.88,1250.88,1370.68,1346.72,False,1.5,115,149362.0,-5510.81,SL,1.38,LOSS
AXISBANK.NS,2026-02-03,2026-02-13,TREND_PULLBACK,BANKING,True,1356.2,1332.3,1255.09,1507.86,1457.31,False,1.5,59,80016.0,-1410.09,DAY_CAP,2.8,LOSS
AXISBANK.NS,2026-02-16,2026-02-26,TREND_PULLBACK,BANKING,True,1358.3,1395.5,1293.51,1455.48,1423.09,False,1.5,92,124964.0,3422.4,DAY_CAP,1.79,WIN
SBIN.NS,2016-06-13,2016-06-23,BREAKOUT_PULLBACK,BANKING,True,184.54,198.94,171.43,204.19,197.64,True,1.5,457,84333.0,6286.03,DAY_CAP,2.84,WIN
SBIN.NS,2016-08-25,2016-09-07,BREAKOUT_PULLBACK,BANKING,True,228.75,246.6,216.85,246.6,240.65,True,1.5,504,115289.0,7497.58,TARGET,2.08,WIN
SBIN.NS,2016-10-04,2016-10-18,TREND_PULLBACK,BANKING,True,237.53,225.04,225.04,256.26,250.02,False,1.5,480,114013.0,-5994.02,SL,1.97,LOSS
SBIN.NS,2016-12-09,2016-12-21,TREND_PULLBACK,BANKING,True,243.84,233.5,229.56,265.25,258.11,False,1.5,420,102412.0,-4339.95,DAY_CAP,2.2,LOSS
SBIN.NS,2017-03-14,2017-03-24,TREND_PULLBACK,BANKING,True,251.15,252.84,241.38,265.81,260.92,False,1.5,597,149938.0,1009.96,DAY_CAP,1.46,WIN
SBIN.NS,2017-05-02,2017-05-12,TREND_PULLBACK,BANKING,True,263.64,272.41,252.03,281.04,275.24,True,1.5,517,136299.0,5267.77,DAY_CAP,1.65,WIN
SBIN.NS,2017-06-20,2017-07-03,TREND_PULLBACK,BANKING,True,267.68,258.8,258.8,281.0,276.56,False,1.5,560,149901.0,-4972.86,SL,1.24,LOSS
SBIN.NS,2017-12-18,2017-12-29,TREND_PULLBACK,BANKING,True,294.25,285.95,276.51,320.88,312.0,False,1.5,338,99458.0,-2806.9,DAY_CAP,2.26,LOSS
SBIN.NS,2018-01-30,2018-02-09,TREND_PULLBACK,BANKING,True,289.32,270.74,270.74,317.18,307.89,False,1.5,322,93160.0,-5982.05,SL,2.41,LOSS
SBIN.NS,2018-06-05,2018-06-15,BREAKOUT_PULLBACK,BANKING,True,243.18,264.81,228.76,264.81,257.6,True,1.5,416,101164.0,7497.59,TARGET,2.37,WIN
SBIN.NS,2019-05-29,2019-06-11,BREAKOUT_PULLBACK,BANKING,True,321.71,320.27,300.44,353.61,342.98,False,1.5,282,90721.0,-403.32,DAY_CAP,2.65,LOSS
SBIN.NS,2019-06-11,2019-06-21,BREAKOUT_PULLBACK,BANKING,True,320.27,322.4,303.07,346.09,337.48,False,1.5,348,111456.0,738.54,DAY_CAP,2.15,WIN
SBIN.NS,2019-06-25,2019-07-05,TREND_PULLBACK,BANKING,True,328.99,342.0,314.65,350.51,343.34,True,1.5,418,137520.0,5717.33,DAY_CAP,1.63,WIN
SBIN.NS,2019-12-02,2019-12-12,BREAKOUT_PULLBACK,BANKING,True,312.34,296.15,296.15,336.63,328.53,False,1.5,370,115566.0,-5990.15,SL,2.07,LOSS
SBIN.NS,2019-12-16,2019-12-27,TREND_PULLBACK,BANKING,True,306.2,311.19,287.74,333.91,324.67,False,1.5,324,99210.0,1614.38,DAY_CAP,2.26,WIN
SBIN.NS,2020-09-02,2020-09-14,BREAKOUT_PULLBACK,BANKING,True,199.54,184.71,184.71,221.77,214.36,False,1.5,404,80613.0,-5990.3,SL,2.97,LOSS
SBIN.NS,2020-11-12,2020-11-24,BREAKOUT_PULLBACK,BANKING,True,209.27,225.0,192.89,233.85,225.66,True,1.5,366,76594.0,5878.0,DAY_CAP,3.13,WIN
SBIN.NS,2020-11-24,2020-12-07,BREAKOUT_PULLBACK,BANKING,True,225.0,248.76,207.3,251.56,242.71,True,1.5,338,76052.0,7007.67,DAY_CAP,3.15,WIN
SBIN.NS,2021-02-01,2021-02-11,TREND_PULLBACK,BANKING,True,286.69,325.63,260.73,325.63,312.65,True,1.5,231,66225.0,7502.88,TARGET,3.4,WIN
SBIN.NS,2021-02-23,2021-03-05,BREAKOUT_PULLBACK,BANKING,True,365.03,354.0,335.78,408.89,394.27,False,1.5,205,74830.0,-2260.42,DAY_CAP,3.2,LOSS
SBIN.NS,2021-05-10,2021-05-21,TREND_PULLBACK,BANKING,True,333.75,364.31,313.37,364.31,354.12,True,1.5,294,98121.0,7487.71,TARGET,2.29,WIN
SBIN.NS,2021-06-09,2021-06-21,BREAKOUT_PULLBACK,BANKING,True,392.47,390.89,372.38,422.6,412.56,False,1.5,298,116956.0,-471.76,DAY_CAP,2.05,LOSS
SBIN.NS,2021-08-31,2021-09-13,TREND_PULLBACK,BANKING,True,396.75,403.09,379.05,423.31,414.46,False,1.5,338,134102.0,2140.35,DAY_CAP,1.67,WIN
SBIN.NS,2021-09-13,2021-09-23,TREND_PULLBACK,BANKING,True,403.09,422.31,390.27,422.31,415.9,True,1.5,372,149948.0,5959.32,TARGET,1.19,WIN
SBIN.NS,2021-10-04,2021-10-14,TREND_PULLBACK,BANKING,True,431.3,456.86,406.95,467.83,455.65,True,1.5,246,106100.0,6139.0,DAY_CAP,2.12,WIN
SBIN.NS,2021-12-08,2021-12-20,TREND_PULLBACK,BANKING,True,457.75,430.02,430.02,499.34,485.47,False,1.5,216,98874.0,-5989.44,SL,2.27,LOSS
SBIN.NS,2022-06-21,2022-07-01,RSI_DIVERGENCE,BANKING,False,426.31,441.53,402.71,461.71,449.91,False,1.5,254,108282.0,3867.62,DAY_CAP,1.94,WIN
SBIN.NS,2022-10-17,2022-10-28,TREND_PULLBACK,BANKING,True,514.17,553.17,488.17,553.17,540.17,True,1.5,230,118258.0,7475.66,TARGET,1.9,WIN
SBIN.NS,2023-01-02,2023-01-12,TREND_PULLBACK,BANKING,True,579.0,562.64,554.67,615.49,603.33,False,1.5,246,142434.0,-4024.99,DAY_CAP,1.58,LOSS
SBIN.NS,2023-03-17,2023-03-29,RSI_DIVERGENCE,BANKING,False,501.07,474.69,474.69,540.64,527.45,False,1.5,227,113742.0,-5987.85,SL,1.84,LOSS
SBIN.NS,2023-03-29,2023-04-13,RSI_DIVERGENCE,BANKING,False,488.49,504.05,466.74,521.11,510.24,False,1.5,275,134335.0,4278.42,DAY_CAP,1.56,WIN
SBIN.NS,2023-06-30,2023-07-12,TREND_PULLBACK,BANKING,True,552.31,573.02,538.51,573.02,566.12,True,1.5,271,149676.0,4680.45,TARGET,0.94,WIN
SBIN.NS,2023-07-13,2023-07-25,TREND_PULLBACK,BANKING,True,564.65,590.51,547.41,590.51,581.89,True,1.5,265,149633.0,5714.31,TARGET,1.14,WIN
SBIN.NS,2024-03-28,2024-04-10,TREND_PULLBACK,BANKING,True,725.38,751.12,693.2,773.64,757.55,False,1.5,186,134920.0,4788.15,DAY_CAP,1.66,WIN
SBIN.NS,2025-06-25,2025-07-07,TREND_PULLBACK,BANKING,True,800.05,806.85,777.33,834.14,822.77,True,1.5,187,149609.0,2752.16,DAY_CAP,1.07,WIN
SBIN.NS,2025-09-11,2025-09-23,TREND_PULLBACK,BANKING,True,823.65,850.97,805.43,850.97,841.87,True,1.5,182,149904.0,4144.14,TARGET,0.83,WIN
KOTAKBANK.NS,2016-10-24,2016-11-04,TREND_PULLBACK,BANKING,True,156.55,156.55,151.23,164.53,161.87,True,1.5,958,149977.0,2547.12,SL,1.27,WIN
KOTAKBANK.NS,2017-01-09,2017-01-19,RSI_DIVERGENCE,BANKING,True,141.02,144.79,135.59,149.17,146.46,True,1.5,1063,149908.0,4891.35,DAY_CAP,1.35,WIN
KOTAKBANK.NS,2017-09-01,2017-09-13,TREND_PULLBACK,BANKING,True,197.48,202.97,190.27,208.28,204.68,False,1.5,759,149885.0,4167.88,DAY_CAP,1.37,WIN
KOTAKBANK.NS,2017-11-27,2017-12-07,TREND_PULLBACK,BANKING,True,206.21,199.04,199.04,216.97,213.39,False,1.5,727,149915.0,-5213.4,SL,1.3,LOSS
KOTAKBANK.NS,2018-02-26,2018-03-09,TREND_PULLBACK,BANKING,True,219.88,215.36,211.25,232.82,228.51,False,1.5,682,149958.0,-3080.16,DAY_CAP,1.47,LOSS
KOTAKBANK.NS,2018-10-10,2018-10-23,OVERSOLD_EXHAUSTION,BANKING,False,226.48,233.79,206.86,255.91,246.1,False,1.5,305,69077.0,2228.19,DAY_CAP,2.6,WIN
KOTAKBANK.NS,2018-12-31,2019-01-10,TREND_PULLBACK,BANKING,True,250.12,242.76,237.29,269.37,262.95,False,1.5,467,116806.0,-3434.91,DAY_CAP,1.92,LOSS
KOTAKBANK.NS,2019-10-15,2019-10-27,TREND_PULLBACK,BANKING,True,321.78,317.27,301.28,352.52,342.27,False,1.5,292,93959.0,-1314.35,DAY_CAP,2.39,LOSS
KOTAKBANK.NS,2019-10-27,2019-11-07,TREND_PULLBACK,BANKING,True,317.27,315.48,302.04,340.13,332.51,False,1.5,393,124689.0,-704.46,DAY_CAP,1.8,LOSS
KOTAKBANK.NS,2019-11-08,2019-11-21,TREND_PULLBACK,BANKING,True,318.72,317.72,305.62,338.37,331.82,False,1.5,458,145973.0,-456.11,DAY_CAP,1.54,LOSS
KOTAKBANK.NS,2019-12-02,2019-12-12,TREND_PULLBACK,BANKING,True,325.24,341.55,314.37,341.55,336.11,True,1.5,461,149936.0,6267.14,TARGET,1.25,WIN
KOTAKBANK.NS,2020-01-13,2020-01-23,TREND_PULLBACK,BANKING,True,336.81,327.37,327.37,350.98,346.26,False,1.5,445,149882.0,-4202.09,SL,1.05,LOSS
KOTAKBANK.NS,2020-02-06,2020-02-18,TREND_PULLBACK,BANKING,True,333.41,336.79,317.44,357.36,349.38,False,1.5,375,125028.0,1269.7,DAY_CAP,1.8,WIN
KOTAKBANK.NS,2020-09-15,2020-09-25,RSI_DIVERGENCE,BANKING,False,263.69,247.99,247.99,287.24,279.39,False,1.5,382,100729.0,-5996.79,SL,2.08,LOSS
KOTAKBANK.NS,2021-02-04,2021-02-16,TREND_PULLBACK,BANKING,True,380.49,402.25,354.32,419.75,406.66,True,1.5,229,87132.0,5485.63,DAY_CAP,2.58,WIN
KOTAKBANK.NS,2021-02-19,2021-03-03,TREND_PULLBACK,BANKING,True,386.14,365.05,365.05,417.76,407.22,False,1.5,284,109663.0,-5988.66,SL,2.05,LOSS
KOTAKBANK.NS,2021-05-18,2021-05-28,RSI_DIVERGENCE,BANKING,True,349.56,358.65,332.16,375.65,366.95,False,1.5,344,120249.0,3127.64,DAY_CAP,1.74,WIN
KOTAKBANK.NS,2021-06-21,2021-07-01,RSI_DIVERGENCE,BANKING,True,352.94,339.39,339.39,373.26,366.48,False,1.5,425,149998.0,-5756.86,SL,1.34,LOSS
KOTAKBANK.NS,2021-07-27,2021-08-06,RSI_DIVERGENCE,BANKING,False,338.18,353.96,323.44,360.29,352.92,True,1.5,407,137638.0,6212.73,DAY_CAP,1.53,WIN
KOTAKBANK.NS,2021-11-08,2021-11-18,TREND_PULLBACK,BANKING,True,422.22,403.41,396.56,460.7,447.88,False,1.5,233,98376.0,-4382.9,DAY_CAP,2.28,LOSS
KOTAKBANK.NS,2022-03-30,2022-04-11,RSI_DIVERGENCE,BANKING,True,351.33,355.38,332.24,379.96,370.41,False,1.5,314,110317.0,1273.31,DAY_CAP,1.9,WIN
KOTAKBANK.NS,2022-04-21,2022-05-04,RSI_DIVERGENCE,BANKING,False,350.88,353.82,331.28,380.27,370.48,False,1.5,306,107369.0,899.39,DAY_CAP,1.95,WIN
KOTAKBANK.NS,2023-02-13,2023-02-23,RSI_DIVERGENCE,BANKING,False,353.67,341.5,341.5,371.93,365.84,False,1.5,424,149957.0,-5161.06,SL,1.2,LOSS
KOTAKBANK.NS,2023-03-01,2023-03-14,RSI_DIVERGENCE,BANKING,False,347.91,336.59,336.59,364.89,359.23,False,1.5,431,149949.0,-4878.93,SL,1.14,LOSS
KOTAKBANK.NS,2023-08-07,2023-08-18,RSI_DIVERGENCE,BANKING,False,365.49,353.25,353.25,383.84,377.72,False,1.5,410,149850.0,-5017.41,SL,1.17,LOSS
KOTAKBANK.NS,2023-09-26,2023-10-09,RSI_DIVERGENCE,BANKING,False,352.03,341.69,341.69,367.54,362.37,False,1.5,426,149964.0,-4403.93,SL,1.03,LOSS
KOTAKBANK.NS,2023-10-31,2023-11-10,RSI_DIVERGENCE,BANKING,False,347.1,348.31,335.12,365.06,359.07,False,1.5,432,149947.0,521.56,DAY_CAP,1.21,WIN
KOTAKBANK.NS,2023-12-01,2023-12-13,RSI_DIVERGENCE,BANKING,True,349.31,360.87,341.61,360.87,357.02,True,1.5,429,149856.0,4133.63,TARGET,0.77,WIN
KOTAKBANK.NS,2024-01-15,2024-01-29,TREND_PULLBACK,BANKING,True,369.47,358.53,358.53,385.87,380.4,False,1.5,405,149635.0,-4430.13,SL,1.11,LOSS
KOTAKBANK.NS,2024-03-18,2024-04-01,RSI_DIVERGENCE,BANKING,False,346.8,357.34,333.64,366.54,359.96,True,1.5,432,149817.0,5118.49,DAY_CAP,1.33,WIN
KOTAKBANK.NS,2025-06-09,2025-06-19,TREND_PULLBACK,BANKING,True,427.15,428.79,411.86,450.07,442.43,False,1.5,351,149929.0,574.98,DAY_CAP,1.34,WIN
KOTAKBANK.NS,2025-07-15,2025-07-25,TREND_PULLBACK,BANKING,True,437.12,424.92,420.82,461.56,453.41,False,1.5,343,149931.0,-4183.23,DAY_CAP,1.4,LOSS
BAJFINANCE.NS,2016-03-01,2016-03-14,TREND_PULLBACK,BANKING,True,60.1,63.08,54.91,67.87,65.28,False,1.5,1156,69473.0,3445.21,DAY_CAP,3.23,WIN
BAJFINANCE.NS,2016-05-02,2016-05-12,TREND_PULLBACK,BANKING,True,68.47,74.43,64.49,74.43,72.44,True,1.5,1509,103315.0,7499.15,TARGET,2.18,WIN
BAJFINANCE.NS,2016-06-23,2016-07-05,TREND_PULLBACK,BANKING,True,74.71,74.71,71.54,79.46,77.88,True,1.5,1893,141424.0,3000.08,SL,1.59,WIN
BAJFINANCE.NS,2016-12-15,2016-12-27,RSI_DIVERGENCE,BANKING,False,82.94,75.76,75.76,93.72,90.13,False,1.5,835,69255.0,-5995.6,SL,3.04,LOSS
BAJFINANCE.NS,2018-04-30,2018-05-11,TREND_PULLBACK,BANKING,True,185.8,178.02,178.02,197.47,193.58,False,1.5,771,143250.0,-5996.24,SL,1.57,LOSS
BAJFINANCE.NS,2018-05-15,2018-05-25,TREND_PULLBACK,BANKING,True,185.24,198.82,176.18,198.82,194.29,True,1.5,662,122627.0,7492.36,TARGET,1.83,WIN
BAJFINANCE.NS,2019-01-21,2019-01-31,TREND_PULLBACK,BANKING,True,253.09,241.93,241.93,269.83,264.25,False,1.5,537,135910.0,-5993.99,SL,1.65,LOSS
BAJFINANCE.NS,2019-02-25,2019-03-08,TREND_PULLBACK,BANKING,True,259.29,270.08,246.19,278.95,272.4,False,1.5,457,118496.0,4928.89,DAY_CAP,1.9,WIN
BAJFINANCE.NS,2019-04-24,2019-05-08,TREND_PULLBACK,BANKING,True,301.76,290.16,290.16,319.16,313.36,False,1.5,497,149975.0,-5765.25,SL,1.44,LOSS
BAJFINANCE.NS,2019-12-17,2019-12-30,TREND_PULLBACK,BANKING,True,404.19,414.7,389.26,426.59,419.12,False,1.5,371,149956.0,3899.61,DAY_CAP,1.38,WIN
BAJFINANCE.NS,2020-10-01,2020-10-14,TREND_PULLBACK,BANKING,True,337.24,330.31,309.94,378.2,364.55,False,1.5,219,73856.0,-1517.76,DAY_CAP,3.04,LOSS
BAJFINANCE.NS,2020-10-26,2020-11-05,RSI_DIVERGENCE,BANKING,True,322.66,357.82,299.21,357.82,346.1,True,1.5,255,82278.0,7477.77,TARGET,2.54,WIN
BAJFINANCE.NS,2021-02-01,2021-02-11,TREND_PULLBACK,BANKING,True,495.52,545.33,452.51,560.04,538.54,True,1.5,139,68878.0,6454.67,DAY_CAP,3.26,WIN
BAJFINANCE.NS,2021-03-10,2021-03-23,TREND_PULLBACK,BANKING,True,543.17,510.22,510.22,592.59,576.12,False,1.5,182,98857.0,-5997.42,SL,2.27,LOSS
BAJFINANCE.NS,2021-08-12,2021-08-25,BREAKOUT_PULLBACK,BANKING,True,608.26,646.37,582.86,646.37,633.67,True,1.5,236,143550.0,7494.97,TARGET,1.67,WIN
BAJFINANCE.NS,2021-11-08,2021-11-18,TREND_PULLBACK,BANKING,True,752.9,734.38,711.92,814.36,793.87,False,1.5,146,109923.0,-2703.09,DAY_CAP,2.04,LOSS
BAJFINANCE.NS,2022-02-28,2022-03-11,RSI_DIVERGENCE,BANKING,False,687.03,639.29,639.29,758.63,734.76,False,1.5,125,85879.0,-5967.25,SL,2.43,LOSS
BAJFINANCE.NS,2022-03-11,2022-03-24,RSI_DIVERGENCE,BANKING,False,650.3,686.56,595.23,732.91,705.38,False,1.5,108,70233.0,3915.9,DAY_CAP,2.96,WIN
BAJFINANCE.NS,2022-08-22,2022-09-02,BREAKOUT_PULLBACK,BANKING,True,699.37,708.05,660.78,757.25,737.95,False,1.5,155,108402.0,1345.45,DAY_CAP,2.21,WIN
BAJFINANCE.NS,2023-07-03,2023-07-13,TREND_PULLBACK,BANKING,True,725.16,762.24,700.44,762.24,749.88,True,1.5,206,149383.0,6364.89,TARGET,1.28,WIN
BAJFINANCE.NS,2023-09-04,2023-09-14,TREND_PULLBACK,BANKING,True,718.96,741.11,693.79,756.71,744.12,False,1.5,208,149543.0,4608.51,DAY_CAP,1.31,WIN
BAJFINANCE.NS,2024-01-01,2024-01-11,RSI_DIVERGENCE,BANKING,True,721.81,762.15,694.91,762.15,748.7,True,1.5,207,149414.0,6966.02,TARGET,1.3,WIN
BAJFINANCE.NS,2024-12-30,2025-01-09,RSI_DIVERGENCE,BANKING,False,684.6,726.3,656.8,726.3,712.4,True,1.5,215,147189.0,7478.05,TARGET,1.42,WIN
BAJFINANCE.NS,2025-05-12,2025-05-22,TREND_PULLBACK,BANKING,True,897.54,909.53,841.83,981.1,953.25,False,1.5,107,96037.0,1283.19,DAY_CAP,2.33,WIN
BAJFINANCE.NS,2025-05-22,2025-06-03,TREND_PULLBACK,BANKING,True,909.53,897.9,868.19,971.55,950.88,False,1.5,145,131882.0,-1686.5,DAY_CAP,1.7,LOSS
BAJFINANCE.NS,2025-07-01,2025-07-11,TREND_PULLBACK,BANKING,True,936.65,933.5,893.9,1000.78,979.4,False,1.5,140,131131.0,-441.0,DAY_CAP,1.71,LOSS
BAJFINANCE.NS,2025-07-21,2025-07-31,TREND_PULLBACK,BANKING,True,948.45,914.92,914.92,998.74,981.98,False,1.5,158,149855.0,-5297.74,SL,1.33,LOSS
BAJFINANCE.NS,2025-11-10,2025-11-20,TREND_PULLBACK,BANKING,True,1085.0,1036.36,1036.36,1157.96,1133.64,False,1.5,123,133455.0,-5982.72,SL,1.68,LOSS
BAJFINANCE.NS,2025-11-27,2025-12-09,TREND_PULLBACK,BANKING,True,1033.8,1016.7,985.15,1106.77,1082.45,False,1.5,123,127157.0,-2103.3,DAY_CAP,1.76,LOSS
FEDERALBNK.NS,2025-09-01,2025-09-11,RSI_DIVERGENCE,BANKING,False,193.58,196.65,187.5,202.69,199.66,False,1.5,774,149831.0,2376.17,DAY_CAP,1.1,WIN
FEDERALBNK.NS,2025-10-01,2025-10-14,RSI_DIVERGENCE,BANKING,True,193.76,203.5,187.27,203.5,200.25,True,1.5,774,149970.0,6281.01,TARGET,1.17,WIN
INDUSINDBK.NS,2025-12-31,2026-01-12,TREND_PULLBACK,BANKING,True,864.2,922.34,825.44,922.34,902.96,True,1.5,154,133087.0,7461.3,TARGET,1.68,WIN
INDUSINDBK.NS,2026-02-03,2026-02-13,TREND_PULLBACK,BANKING,True,922.4,926.05,865.4,1007.9,979.4,False,1.5,105,96852.0,383.25,DAY_CAP,2.32,WIN
INDUSINDBK.NS,2026-02-13,2026-02-25,TREND_PULLBACK,BANKING,True,926.05,937.35,878.6,997.23,973.5,False,1.5,126,116682.0,1423.8,DAY_CAP,1.92,WIN
INDUSINDBK.NS,2026-02-25,2026-03-10,TREND_PULLBACK,BANKING,True,937.35,895.06,895.06,1000.78,979.64,False,1.5,141,132166.0,-5962.89,SL,1.69,LOSS
CANBK.NS,2025-11-21,2025-12-03,BREAKOUT_PULLBACK,BANKING,True,145.77,145.77,139.07,155.83,152.47,True,1.5,895,130464.0,2994.9,SL,1.84,WIN
CANBK.NS,2026-02-18,2026-03-02,TREND_PULLBACK,BANKING,True,151.94,151.94,143.44,164.69,160.44,True,1.5,705,107118.0,2992.0,SL,2.1,WIN
PNB.NS,2025-12-22,2026-01-02,TREND_PULLBACK,BANKING,True,121.31,125.35,116.53,128.47,126.09,False,1.5,1236,149939.0,4993.44,DAY_CAP,1.47,WIN
PNB.NS,2026-01-08,2026-01-20,TREND_PULLBACK,BANKING,True,122.81,130.47,117.71,130.47,127.91,True,1.5,1176,144425.0,7502.88,TARGET,1.56,WIN
PNB.NS,2026-02-17,2026-02-27,TREND_PULLBACK,BANKING,True,124.82,129.44,118.03,135.01,131.61,True,1.5,883,110216.0,5036.43,DAY_CAP,2.04,WIN
BANKBARODA.NS,2026-02-17,2026-02-27,TREND_PULLBACK,BANKING,True,303.25,321.95,286.28,328.71,320.22,True,1.5,353,107047.0,6296.62,DAY_CAP,2.1,WIN
DIVISLAB.NS,2026-03-18,2026-04-01,RSI_DIVERGENCE,PHARMA,False,6140.0,5843.97,5843.97,6584.04,6436.03,False,1.5,20,122800.0,-5920.6,SL,1.69,LOSS
LUPIN.NS,2026-04-15,2026-04-15,TREND_PULLBACK,PHARMA,True,2338.9,2338.9,2229.57,2502.89,2448.23,False,1.5,54,126301.0,0.0,DAY_CAP,1.75,LOSS
BHARATFORG.NS,2026-04-08,2026-04-15,TREND_PULLBACK,AUTO,True,1781.4,1831.6,1635.64,2000.04,1927.16,False,1.5,41,73037.0,2058.2,DAY_CAP,3.07,WIN
LT.NS,2026-03-25,2026-04-09,OVERSOLD_EXHAUSTION,CAPITAL,False,3649.3,3896.2,3353.61,4092.84,3944.99,True,1.5,20,72986.0,5425.9,DAY_CAP,2.43,WIN
ABB.NS,2026-04-08,2026-04-15,TREND_PULLBACK,CAPITAL,True,6565.0,6873.0,6129.12,7218.82,7000.88,False,1.5,13,85345.0,4004.0,DAY_CAP,2.49,WIN
CUMMINSIND.NS,2026-04-08,2026-04-15,TREND_PULLBACK,CAPITAL,True,4796.3,5003.4,4456.87,5305.44,5135.73,True,1.5,17,81537.0,4579.34,DAY_CAP,2.65,WIN
TATASTEEL.NS,2026-04-07,2026-04-15,TREND_PULLBACK,METAL,True,198.13,208.72,185.04,217.76,211.22,False,1.5,458,90744.0,4850.22,DAY_CAP,2.48,WIN
COALINDIA.NS,2026-04-09,2026-04-15,TREND_PULLBACK,METAL,True,454.1,427.75,427.75,493.63,480.45,False,1.5,227,103081.0,-5981.45,SL,2.18,LOSS
